{"short_name":"Salud y Derechos","name":"Salud Y Derechos","description":"Página web y App de Salud y Derechos","icons":[{"src":"Logo.ico","sizes":"64x64 32x32 24x24 16x16","type":"image/x-icon","purpose":"maskable"},{"src":"LogoChico.png","type":"image/png","sizes":"192x192","purpose":"maskable"},{"src":"LogoChico.png","type":"image/png","sizes":"512x512","purpose":"maskable"}],"start_url":"./salud-y-derechos","display":"standalone","theme_color":"#ff1744","background_color":"#ffffff","app_name":"Salud y Derechos","scope":"."}